3558603802	水瓶座的
3612907661	有你的u_need
3864109310	品牌招代
2954243325	GTR-dream
3816134830	0朱公
3117307821	杨定磊的故事
5302805613	用户5302805613
3212703187	VonOptimalflower
3022050031	缘莱似侬
3700712884	阿骆想变刘易傻乎
1770207643	歪覀
3973502480	此之谓至一
3978521513	迎客松哈大本
3967721266	NICOLEZ1
3225369352	张合军_574
5264842392	用户8774684193
2163971391	zay呐_zzzZZ
5161194256	i诗槐
3723075335	左左夕夏200907
2068229391	Madman-
3175664544	Anny挽于
3971085240	湖职店room7
5099432990	IN官方微博
5365519449	雷神暴走JK
5331950652	小小小小新的含蕊
2128004691	向苏
5328764331	W4lingling
5212384562	青蓝妍宝
5208835275	染sou柚月
3735310695	沉迷在你的笑容里
3899434403	名人糗事一大堆
3316061377	Ru
5325912225	乐康康Aarond
3043434564	周燕
3043472284	俞莲
1705137652	魏风
5144837083	马奥
3973480557	小美人沉迷的小老鼠
5209683179	伯xxaiqing
3878494614	井底
2705799043	张恒
3043875452	聂凤一1986
3044070630	郜振
2388105142	黑龙
2920524400	在江湖桂木弥
1725417553	云露Connie
1777536975	时久
1738548635	郭华
3764369327	小萱
3043820380	廖菁8
3044649400	叶月
3044613152	余志
3044017070	王延
1779439745	手机用户1779439745
3983687100	二人一条鱼1
3771310213	最新港台剧排行
3918945940	hlhh11
3044807542	常肖
3044753684	陈其
3045329142	胡涤1988
3044060630	干时
3044899492	最好的王亚
3044146342	吴冬
2436004817	babyxxxxxx
5364782215	股股生平123
5358762031	牛股涨停
5232679312	广州思埠黛莱美天使之
