2364770064	新百伦商城
5331917298	积奇薄荷少女怀亦
5322066783	数据老南瓜627寒雁
5032759942	clara楚-诺村_s
5332084382	Coco素颜问丝
3864109310	品牌招代理
5015827100	焱的马甲-V
2910887094	_董思雨
2506434215	行者Yuan-Z-江
5121277951	客家鞋铺
3457660634	sunshine死寂
5228102359	全球NB代购
2954243325	GTR-dream
5305021616	新佰伦鞋贸诚招全国代理
5146083784	他很陈很冠希
3254927351	Destiny的杂货铺
3313718051	默狸之新百伦代购
2768693961	原品生活馆
1564899195	ShinyC要做勇敢的派大馨
5035125768	PP鞋柜家
2214938197	晴晴诶
3262256712	精品杂玩--上善
2623806357	黄丙阳
5287161189	艾妮总仓
5318837373	OUTLETS红星闪闪
2294925452	NewBalance新百伦鞋贸
3891597085	我爱的凯宝萌萌哒
2206178062	V红_钦差
2493006911	wangyuning618
5302805613	用户5302805613
5126998106	小明贸易灬新百伦一手货源
5060263041	新百伦正品批发潮流店
3256809384	刘元键
5251590013	一颗推拿
1114281232	菩提2589
2982928555	关关关关关家宁
1195264701	双双留头发
2346769694	孚禾静静_
3429995494	孚禾园园
5328854844	小小兔去旅行咯南烟
5267939246	欣萍雨露
3022050031	缘莱似侬
5151182890	followAI
3700712884	阿骆想变刘易傻乎乎
2025190983	孚禾依依
5331950652	小小小小新的含蕊
5176834482	西来如意
3975596218	康掌柜的17918
5344623196	清风依然东去d
3115633655	玄景齐升
3549670515	Cherry_5218
5307077619	雪泪下的琉璃
2763473115	Rui-nustar
3119238711	凯强04
5240070212	飞峰美业创始人
3072569041	泡沫zcszz
3073160087	破烂甲骨文
2784199412	夏天的寻忆
2285074640	八二七1号门
3152303751	pp族长
3317338860	傻瓜亲爱傻瓜
3113510385	罗罗亚托尼托尼
1830577063	安水水安
3077544227	么么晓乖
2119108163	手机YY
3926134470	珂蜜丝CellaMiss
2045097601	陌陌科技
2201531190	冷笑话全收录
1642635773	我们爱讲冷笑话
1644395354	冷笑话精选
1357511194	模特也追星
5198796746	设计写真馆
3880503940	夏洛克的克
2725800757	孤独地约定
1991428685	中国移动10086官方微博
3967905259	微店
2163971391	zay呐_zzzZZ
5161194256	i诗槐
1836187724	一太阳一朵向日葵
1788069505	大猪如果有梦
1705145357	凌铎DF
5324797585	XXX卧底
3096369545	我的小宇宙2009
3723075335	左左夕夏200907
2068229391	Madman-莉
3969344084	i最真实的ni
1772990520	好嗨森的何幺妹儿
1619323521	禹峒L
5120466993	终点即起点M
2335519400	段小雅lirica
5270213281	soso亻尔的爱z
1975984361	副院长--
5118730468	啊琪啊-
3175664544	Anny挽于心
1781048255	_Prodding
1784790463	赵阿丹儿G-Dragon
3704201284	药有三分毒i
3971085240	湖职店room7
5028520473	我勒个去到底要注册什么名字啊
3304645171	girl囡
1762269271	小白牙牙sunny
1230663070	唐嫣
3587960280	粉丝头条官方微博
5099432990	IN官方微博
2803698201	Bunny堇色素颜凉城空V一V
1929625730	我是忽忽你是谁
2334209417	Xmm____
1606071642	饭团子柒小柒
5083527800	菌菇酱求offer
2105845957	MIandMI_better
2064748387	hostress_鬼珠
2600744304	春风十几里
5048686824	小天天的反馈小号orz
1727930990	坚果要奋斗
1701855367	椰奶糖
1638557877	泡芙Puff港代小店
1300574737	青争晓刁
2287329787	傻傻丘-
2048373793	贰拾xiaoh
5078959453	超爱Brown的Cony
2623704205	love昌帆
2201130987	Keroro青蛙娘
2109721490	短颈鹿y小姐
1707691442	黄宗泽
1197161814	李开复
2419017284	每个人心中都有一个麦兜
2441950721	那些美好的台词
1935351310	米可的情书
1935416251	旅途絮语
2490935290	宫崎骏的童话世界
2219082024	知性小资女人
2425320194	幾米漫画室
2128884541	双鱼座心语
1791341121	苏醒全球歌迷会
2351791605	患者神经歪
2117738593	每颗星都是一个太阳
2247524863	正能量YEYU
3682255037	百多邦寒区原酿蜂蜜
1757645411	郭大大大疯
2739163593	哈站崇斌
1487256502	窜撒呀布拉格
3723357835	法爷只是恍惚了22
2319466912	阿德HRB
5212385426	水紫南Riley
3319853043	仙人下凡-
3043434564	周燕虹531
1939623590	清美考研记
1644088831	新浪汽车
2516014697	汽车电商
3427028600	侣行OnTheRoad
2600208451	李准基
2624270927	陈毓慧培训师
2425203201	美食小曲儿
1705137652	魏风华
1816532795	我要我美食
2214240744	成都环球国际旅游公司
1762639320	京东封华平
2685887472	少女机构
2111901615	Dylan涛
2279086572	辣妈加油站
2319497120	时尚语录在线丶
1734272200	AdenDu
2144396601	中国社会关注
2567915771	Harrords
1851553325	童Miki童
2504360127	张雨投资
2425606492	九江职业大学微博协会
2447250282	锦疆婚礼
2325067375	爆笑去哪儿了
1243116723	设计封子
1864049832	李飛兒Fay
2618141211	刘彩和
1698183494	阿依莎80
1807814735	Eva--妃妃
2317943851	食尚奶爸
3579931940	冰丐
1269681184	寄托季先生
2661640562	Jason兰贵
2427460080	Aegean海勤
2993049293	CCTV5
1496838292	段暄
2898285283	万春雷2013
1766187712	天天动听
1841120453	DOSPY智能手机网
1894798092	广州恒大淘宝足球俱乐部
1494819694	乱步江川路
2202387347	小米手机
1648576644	UC优视
1729637993	360手机卫士
1596062412	中国汽车质量网
1275017594	小P老师
1662717013	贾樟柯
1344360230	Kevin凯文老师
1752839275	黃家強SteveWong
3208445117	王哈Harry
2803902447	凤凰涅盘-分析师
5116388630	天通银现货白银-白银及时喊单
2033767210	Goodstudy__Lily
1933466191	陆濛声
